أهم الصفحات,النقرات,عدد الظهور,نسبة النقر إلى الظهور,موضع
https://www.elamoudifurniture.com/,348,7255,4.8%,10.79
https://www.elamoudifurniture.com/carpets,63,1128,5.59%,7.19
https://www.elamoudifurniture.com/contact,22,567,3.88%,8.78
https://www.elamoudifurniture.com/products/vinyl-roll,16,1256,1.27%,7.92
https://www.elamoudifurniture.com/products/mosque-carpets,16,677,2.36%,7.21
https://www.elamoudifurniture.com/products/turky-mshager,10,673,1.49%,6.64
https://www.elamoudifurniture.com/products/parket,7,831,0.84%,22.26
https://www.elamoudifurniture.com/about,7,484,1.45%,7.47
https://www.elamoudifurniture.com/products/vinyl-mosque,7,70,10%,5.54
https://www.elamoudifurniture.com/products/hospital-flooring,4,396,1.01%,5.23
https://www.elamoudifurniture.com/products/artificial-grass,3,303,0.99%,6.19
https://elamoudifurniture.com/,3,77,3.9%,9.13
https://www.elamoudifurniture.com/products/shlal,2,167,1.2%,10.46
https://www.elamoudifurniture.com/products/water-resistant-carpet,2,135,1.48%,8.27
https://www.elamoudifurniture.com/garden,1,270,0.37%,27.9
https://www.elamoudifurniture.com/products/mokite,1,173,0.58%,4.74
https://www.elamoudifurniture.com/products/office-flooring,1,64,1.56%,8.23
https://www.elamoudifurniture.com/products/planets,0,40,0%,5.4
https://www.elamoudifurniture.com/images/catg/barqya.webp,0,19,0%,18.16
https://www.elamoudifurniture.com/kitchens,0,16,0%,5.81
https://www.elamoudifurniture.com/curtains,0,15,0%,25.73
https://www.elamoudifurniture.com/products/garden-flooring,0,11,0%,14.82
https://www.elamoudifurniture.com/_next/image?url=/images/catg/vinyl-roll.jpg&w=3840&q=75,0,6,0%,17.83
https://www.elamoudifurniture.com/images/catg/vinyl-roll.jpg,0,3,0%,34.67
"https://www.elamoudifurniture.com/_next/image?url=/msaged/WhatsApp Image 
2025-08-02 at 6.37.44 PM.jpeg&w=3840&q=75",0,2,0%,16.5
"https://www.elamoudifurniture.com/_next/image?url=/msaged/WhatsApp Image 
2025-08-02 at 6.32.00 PM (2).jpeg&w=3840&q=75",0,1,0%,13
"https://www.elamoudifurniture.com/_next/image?url=/msaged/WhatsApp Image 
2025-08-02 at 6.37.46 PM (1).jpeg&w=3840&q=75",0,1,0%,15
https://www.elamoudifurniture.com/WhatsApp.jpeg,0,1,0%,16
"https://www.elamoudifurniture.com/_next/image?url=/msaged/WhatsApp Image 
2025-08-02 at 6.37.45 PM (1).jpeg&w=3840&q=75",0,1,0%,19
"https://www.elamoudifurniture.com/_next/image?url=/turky mshager/WhatsApp 
Image 2025-08-02 at 6.39.26 PM.jpeg&w=3840&q=75",0,1,0%,20
https://www.elamoudifurniture.com/_next/image?url=/images/catg/spc.jpg&w=3840&q=75,0,1,0%,21
"https://www.elamoudifurniture.com/_next/image?url=/3shb/WhatsApp Image 
2025-08-02 at 6.40.17 PM (1).jpeg&w=3840&q=75",0,1,0%,22