أهم طلبات البحث,النقرات,عدد الظهور,نسبة النقر إلى الظهور,موضع
مفروشات العمودي,69,209,33.01%,3.1
العمودي للسجاد,67,207,32.37%,2.08
سجاد العمودي,28,75,37.33%,2.05
العمودي للمفروشات,21,157,13.38%,2.94
العمودي للسجاد والموكيت,15,67,22.39%,1.84
موكيت,11,746,1.47%,19.63
العامودي للسجاد,8,27,29.63%,2.04
مفروشات موكيت,7,282,2.48%,7.88
موكيت مساجد,6,96,6.25%,10.71
للموكيت,5,73,6.85%,6.88
العمودي للموكيت,5,17,29.41%,1.71
موكيت تركي مشجر,4,102,3.92%,5.44
موكيت الرياض,4,76,5.26%,11.93
موكيت مشجر,3,173,1.73%,7.46
أرضيات فينيل رول,3,171,1.75%,2.5
موكيت سجاد,2,206,0.97%,12.89
فينيل رول,2,49,4.08%,6.53
سجاد الرياض,2,44,4.55%,13.66
للموكيت والسجاد,2,24,8.33%,7.83
سجاد في الرياض,2,9,22.22%,10.78
سجاد موكيت,1,180,0.56%,14.52
موكيت وسجاد,1,101,0.99%,7.21
مفروشات سجاد,1,99,1.01%,14.48
موكيت ارضيات,1,73,1.37%,14.97
رول فينيل ارضيات,1,54,1.85%,5.39
العمودي للاثاث,1,36,2.78%,8.36
محلات موكيت في الرياض,1,33,3.03%,10.27
مفروشات الرياض,1,27,3.7%,27.52
للمفروشات والسجاد,1,13,7.69%,8.46
سجاد حدائق,1,11,9.09%,8
باركيه مطابخ ضد الماء,1,9,11.11%,6.78
موكيت مفروشات,1,9,11.11%,8.67
موكيت حراج بن قاسم,1,8,12.5%,1
موكيت فندقي,1,7,14.29%,40.43
سجاد,1,6,16.67%,3
موكيت للبيت,1,6,16.67%,8
موكيت جامع,1,6,16.67%,9
موكيت مجالس بالمتر,1,5,20%,44.8
العشب الصناعي,1,1,100%,1
العمودي للسجاد والموكيت ينبع,1,1,100%,2
سحاد,1,1,100%,7
العمودي,0,204,0%,17.42
ارضيات خشب,0,149,0%,67.92
موكيت تركي,0,84,0%,14.14
صور موكيت,0,83,0%,1.13
العامودي,0,83,0%,10.33
موكيت الراضي الرياض,0,59,0%,8.51
للسجاد والموكيت,0,53,0%,12.68
سجاد وموكيت,0,50,0%,17.2
فينيل,0,44,0%,16.98
رول فينيل,0,42,0%,7.5
محل موكيت,0,40,0%,10.45
رول ارضيات,0,38,0%,3.37
تنسيق حدائق,0,36,0%,139
فينيل رول ارضيات,0,35,0%,5.71
الموكيت,0,35,0%,15.14
موكيت فاخر,0,34,0%,23.79
مفروشات طريق الملك سلمان,0,33,0%,5.33
سجاد و موكيت,0,31,0%,13.35
فني تركيب موكيت بالرياض,0,28,0%,37.89
موكيت مسجد,0,25,0%,9.16
ارضية المستشفيات,0,23,0%,5
رولات فينيل,0,23,0%,8.04
سجاد طريق الملك سلمان,0,23,0%,9
ارضيات فينيل رول,0,21,0%,2.1
فينيل ارضيات,0,20,0%,13.7
موكيت مكاتب,0,18,0%,78.94
أرضيات فينيل,0,17,0%,7.06
موكيت للمساجد,0,17,0%,9.29
باركيه خشب طبيعي,0,17,0%,13.53
ارضية فينيل,0,17,0%,18.41
شلالات ونوافير,0,17,0%,33.65
للمفروشات الرياض,0,17,0%,39.76
محل العمودي,0,16,0%,8.88
بيت العمودي,0,16,0%,9.06
الموكيت والسجاد,0,16,0%,12.62
ارضيات فينيل,0,16,0%,15.81
محلات موكيت,0,15,0%,10.4
محل العامودي,0,14,0%,7.86
موكيت للمسجد,0,14,0%,8.07
شركة محمد حسن العمودي,0,14,0%,13.71
أرضيات باركيه خشب طبيعي,0,12,0%,6.67
موكيت للبيع,0,12,0%,8.75
مفروشات موكيت سجاد,0,12,0%,9.58
العمودي للفضيات,0,12,0%,9.75
العمودى,0,12,0%,11.42
تنسيق الحدائق,0,12,0%,32.08
موكيت احمر مشجر,0,11,0%,7.55
ارضية مستشفيات,0,10,0%,5.2
سجاد مساجد الرياض,0,10,0%,6.1
موكيت ناعم,0,10,0%,11.7
باركيه خشب,0,10,0%,26
سجاد مكاتب,0,10,0%,53.4
موكيت طريق الملك سلمان,0,9,0%,5
موكيت ضد الماء,0,9,0%,13.89
فرش فينيل,0,9,0%,49.56
موكيت صيني,0,9,0%,53.11
صور ارضية مستشفى,0,8,0%,1
خامة باركبه,0,8,0%,3.38
ارضيات المستشفيات,0,8,0%,3.75
فخامة الخشب,0,8,0%,7.88
موكيت باركيه,0,8,0%,13.12
أرضية خشب باركيه,0,8,0%,14.88
ستائر عمودية,0,8,0%,35.62
موكيت فخم,0,8,0%,56
مفروشات مساجد,0,7,0%,7
رول ارضيات بلاستيك,0,7,0%,7.43
مفروشات وموكيت,0,7,0%,8.71
موكيت صلاة,0,7,0%,8.71
الموكيت التركي,0,7,0%,9.57
سجاد مفروشات,0,7,0%,12.57
أرضيات خشبية وباركيه,0,7,0%,22.14
سجاد ارضيات,0,7,0%,54.43
موكيت غرف نوم,0,7,0%,77.71
توصيل موكيت شرق الرياض,0,6,0%,5.67
موكيت مطبخ ضد الماء,0,6,0%,8.33
موكيت في الرياض,0,6,0%,9.83
باركيه ارضيات,0,6,0%,15.17
باركيه,0,6,0%,38
ارضيات باركيه,0,6,0%,44.67
موكيت سدو,0,6,0%,49.5
ارضية خشب,0,6,0%,66.17
موكيت ينبع,0,5,0%,2.6
موكيت الصلاة,0,5,0%,4.8
الفينيل للارضيات,0,5,0%,5
موكيت مساجد للبيع,0,5,0%,6.2
الباركيه الخشب,0,5,0%,7.8
باركية خشب,0,5,0%,8.6
موكيت مطابخ,0,5,0%,8.6
سجاد ينبع,0,5,0%,10.8
محل مفروشات سجاد,0,5,0%,10.8
خشب باركيه,0,5,0%,11.8
باركيه ضد الماء,0,5,0%,12.6
ارضيات خشب باركيه,0,5,0%,16.4
فنيل,0,5,0%,31.8
موكيت رمادي,0,5,0%,38.6
مفروشات ارضية,0,5,0%,40.6
متجر العمودي,0,5,0%,43.4
الأرضيات الخشبية,0,5,0%,46
ارضيات خشبية,0,5,0%,49.4
ارضيات رول,0,4,0%,1.75
عمودى,0,4,0%,5.25
ارضيات الفينيل,0,4,0%,5.75
العمودي ينبع,0,4,0%,7.5
العمودي للحدائق,0,4,0%,8.75
سجاد وموكيت الرياض,0,4,0%,9.5
الباركيه للارضيات,0,4,0%,10
سجاد عربي,0,4,0%,10
مكيت,0,4,0%,10.75
ارضيات مستشفيات,0,4,0%,11
ارضية موكيت,0,4,0%,11
ارضية الخشب,0,4,0%,19
مستودعات السجاد في الرياض,0,4,0%,19
الارضيات الباركيه,0,4,0%,45.25
اسعار الموكيت,0,4,0%,54.25
موكيت جدة,0,4,0%,58.75
التواصل العمودي,0,4,0%,63.5
فرش الموكيت,0,4,0%,71.25
الارضيات الخشبية,0,4,0%,74
سجاد تركيب,0,3,0%,4.67
انواع الموكيت المشجر,0,3,0%,5
موكوت تفيره,0,3,0%,6.33
مضخات النوافير والشلالات,0,3,0%,6.67
اشكال ارضيات باركيه,0,3,0%,7.67
baguette parquet,0,3,0%,9.67
مفرش باركيه,0,3,0%,9.67
محل سجاد وموكيت,0,3,0%,10
ارضيات الخشب,0,3,0%,10.33
موكيت ارضيه,0,3,0%,10.33
موكيت للمطبخ,0,3,0%,10.33
السجاد والموكيت,0,3,0%,10.67
باركيت للارضيات,0,3,0%,11
فرشات موكيت,0,3,0%,11
شلالات ماء,0,3,0%,11.33
ارضيات خشبيه,0,3,0%,12.33
للسجاد والمفروشات,0,3,0%,12.33
العميد للمفروشات,0,3,0%,13.33
العمودي للاثاث المكتبي,0,3,0%,14
موكت,0,3,0%,15
ارضيات خشب طبيعي,0,3,0%,16.33
موكيت ارضي,0,3,0%,17
ستائر بالريموت كنترول في الرياض,0,3,0%,25.33
شركة العمودي,0,3,0%,32
موكيت اقساط,0,3,0%,37
انواع الموكيت,0,3,0%,45.67
موكيت الدمام,0,3,0%,48.67
عروض السجاد في الرياض,0,3,0%,58
موكيت فنادق,0,3,0%,58.67
موكيت مجالس,0,3,0%,60
فرش موكيت,0,3,0%,61
موكيت بالمتر,0,3,0%,64
موكيت تركي جديد,0,3,0%,68
ارضيات الفينيل في دبي,0,3,0%,84.33
قماش كنب,0,2,0%,1
محل سجاد,0,2,0%,1
الوان موكيت مشجر,0,2,0%,1.5
ارضيات باركيه ضد الماء,0,2,0%,2
انواع الفرشات الارضيه,0,2,0%,2.5
venil,0,2,0%,4.5
باركيه خشب ضد الماء,0,2,0%,4.5
عمودي,0,2,0%,5
ارضية الفينيل,0,2,0%,5.5
فرشه ارضيه,0,2,0%,6
produit parquet bois,0,2,0%,7
خشب باركيه طبيعي,0,2,0%,7
رولات الفينيل,0,2,0%,7.5
صور باركي,0,2,0%,7.5
موكيت المساجد,0,2,0%,7.5
ارضية خشبية للمنازل,0,2,0%,8
سجاد ومفروشات,0,2,0%,8.5
معرض العمودي,0,2,0%,8.5
خشب الارض,0,2,0%,9.5
باركيه للارضيات,0,2,0%,10
الباركيه الخشبي,0,2,0%,10.5
العمودي للاقمشة الرياض,0,2,0%,10.5
فينيل الارضيات,0,2,0%,10.5
أرضية خشب,0,2,0%,11
خشب ارضية,0,2,0%,11
خشب الارضيات,0,2,0%,11
موكيت تركيب,0,2,0%,11
شركه العمودي,0,2,0%,11.5
عشب صناعي,0,2,0%,12
انواع الباركيه للارضيات,0,2,0%,13
باركيه رصاصي,0,2,0%,14
موكيت مشجر فخم,0,2,0%,16
مفروشات العمودي شارع الجامعة,0,2,0%,17.5
ارضيات باركيه خشب,0,2,0%,20.5
فينيل بيج,0,2,0%,21.5
موكيت ارضية,0,2,0%,24
محلات العمودي,0,2,0%,25.5
ارضيات,0,2,0%,26.5
موكيت تراثي,0,2,0%,27
اقمشة العمودي,0,2,0%,34
ارضيات المكاتب,0,2,0%,35.5
العمودي لمواد البناء,0,2,0%,37
موكيت بلاستيك,0,2,0%,37.5
موكيت مجالس رجال,0,2,0%,38
أرضيات خشب صناعي,0,2,0%,39
موكيت امريكي,0,2,0%,46
موكيت درج,0,2,0%,46
عروض موكيت,0,2,0%,48.5
لباد موكيت,0,2,0%,51
موكيت غرف نوم بالمتر,0,2,0%,51.5
عامودي,0,2,0%,52
موكيت أرضيات,0,2,0%,58
موكيت جده,0,2,0%,58
سجاد موكيت فندقي,0,2,0%,60
أرضيات خشب,0,2,0%,60.5
موكيت مكتبي,0,2,0%,67.5
موكيت مودرن,0,2,0%,77
ارضيات خشبية خارجية,0,2,0%,89.5
venile,0,1,0%,1
أرضيات الفينيل,0,1,0%,1
الحميد للسجاد,0,1,0%,1
العشب الاخضر الصناعي,0,1,0%,1
انواع السجاد والموكيت,0,1,0%,1
باركيه ضد الماء للمطابخ,0,1,0%,1
باركييه,0,1,0%,1
حديقة صناعية,0,1,0%,1
خشب ضد الماء,0,1,0%,1
شركة العامودي,0,1,0%,1
شقق للايجار ينبع,0,1,0%,1
صورة حديقة خضراء,0,1,0%,1
عروض السجاد والموكيت,0,1,0%,1
عروض سجاد الرياض,0,1,0%,1
فلتر ماء منزلي,0,1,0%,1
محل سجادات,0,1,0%,1
محل فرشات,0,1,0%,1
مسجد العزيزيه,0,1,0%,1
مفروشات,0,1,0%,1
موكيت الحراج,0,1,0%,1
ويفت للسجاد,0,1,0%,1
فينيل.,0,1,0%,2
مشجر,0,1,0%,2
ممكن صور,0,1,0%,2
بركيت,0,1,0%,3
سجاد السريع,0,1,0%,3
ماهو,0,1,0%,3
المنيع,0,1,0%,4
قص السجاد,0,1,0%,4
موكيت مشجر اشكال موكيت,0,1,0%,5
paysagiste tunisie,0,1,0%,6
تركيب موكيت الرياض,0,1,0%,6
شركة سعيد العمودي,0,1,0%,6
عشب حقيقي,0,1,0%,6
مشجر موكيت تركي جديد,0,1,0%,6
rona vinyl flooring,0,1,0%,7
باركيه الخشب,0,1,0%,7
زوليه موكيت,0,1,0%,7
أقرب محل موكيت من موقعي,0,1,0%,8
ارضيه موكيت,0,1,0%,8
العمودي للكعك والسمبوسة,0,1,0%,8
باركيه مودرن,0,1,0%,8
شلالات مياه,0,1,0%,8
صور لكل نوع,0,1,0%,8
مفروشات المساجد,0,1,0%,8
pvc carpet flooring,0,1,0%,9
ارضيات موكيت,0,1,0%,9
العمودب,0,1,0%,9
باركيه ارضيات ضد الماء,0,1,0%,9
باركيه طبيعي,0,1,0%,9
خشب ارضي,0,1,0%,9
سجاد الموكيت,0,1,0%,9
عشب طويل,0,1,0%,9
فرش عازل للماء,0,1,0%,9
فرشة ارضية بلاستيك,0,1,0%,9
فينيل ارضية,0,1,0%,9
محلات الموكيت,0,1,0%,9
مفروشات وسجاد,0,1,0%,9
موكيت ارض,0,1,0%,9
أرضية باركيه خشب,0,1,0%,10
أفضل أنواع الباركيه ضد الماء,0,1,0%,10
ارض خشب,0,1,0%,10
العمودي للرياضة,0,1,0%,10
انواع الباركيه الخشب,0,1,0%,10
خشب الباركيه,0,1,0%,10
سجادتي,0,1,0%,10
صورة باركيه,0,1,0%,10
عشب اخضر,0,1,0%,10
كاربت ارضيات,0,1,0%,10
مصنع موكيت,0,1,0%,10
موكيت شركات,0,1,0%,10
موكيت مطبخ,0,1,0%,10
long artificial grass,0,1,0%,11
أرضيات الباركيه,0,1,0%,11
أرضيات خشب طبيعي,0,1,0%,11
الباركيه الطبيعي,0,1,0%,11
المكيت,0,1,0%,11
باركيه_ضد الماء للمطابخ,0,1,0%,11
خشب ارضيات باركيه,0,1,0%,11
خشب الباركيه ارضيات,0,1,0%,11
فينيل ارضي,0,1,0%,11
محل موكيت قريب من موقعي,0,1,0%,11
ڤينيل ارضيات,0,1,0%,11
laminate flooring on walls vertical,0,1,0%,12
أرضية الفينيل,0,1,0%,12
ارضيات باركية,0,1,0%,12
ارضية الباركيه,0,1,0%,12
ارضيه خشب,0,1,0%,12
الباركية الخشب,0,1,0%,12
العموي,0,1,0%,12
باركيه حمامات ومطابخ,0,1,0%,12
خشب ارضيه,0,1,0%,12
خشب ارضيه باركيه,0,1,0%,12
خشب الارضيات باركيه,0,1,0%,12
مفروشات باركيه,0,1,0%,12
مفروشات موكيت الرياض,0,1,0%,12
موكيت عودي,0,1,0%,12
فينيل أرضيات,0,1,0%,13
ما سعره,0,1,0%,13
موكيت خشب,0,1,0%,13
موكيت نايلون,0,1,0%,13
للارضيات,0,1,0%,14
أبحث,0,1,0%,16
جديد,0,1,0%,16
نعم,0,1,0%,16
مفروشات دومة الجندل,0,1,0%,17
موكيت حفر,0,1,0%,17
صور واقعية,0,1,0%,18
موكيت خشبي,0,1,0%,18
تنسيق الحدايق,0,1,0%,19
موكيت بني,0,1,0%,19
اريد صوره,0,1,0%,20
الارضيه الخشب,0,1,0%,20
محلات الموكيت في الرياض,0,1,0%,20
موكيت بني مشجر,0,1,0%,20
الباركيت,0,1,0%,21
موكيت مشبات,0,1,0%,21
what is this,0,1,0%,22
باركيه خشبي,0,1,0%,22
سعر رول الفينيل للأرضيات,0,1,0%,22
ماهذه,0,1,0%,22
مفروشات موكيت وسجاد ارض الإبداع للاثاث الرياض,0,1,0%,22
موكيت مجالس عربية,0,1,0%,23
العامودي.,0,1,0%,24
كم سعرها,0,1,0%,24
¼,0,1,0%,25
سجاد أرضيات,0,1,0%,25
موكيت مجلس,0,1,0%,25
أين هذا المكان,0,1,0%,26
باركية خشب طبيعي,0,1,0%,28
شكل ارضه الخشب,0,1,0%,28
موكيت سدو مودرن,0,1,0%,28
البرادي للمفروشات,0,1,0%,31
أفضل محلات السجاد في الرياض,0,1,0%,32
الوان فينيل,0,1,0%,32
فرشات ارضيه تركيه,0,1,0%,35
موكيت فندقي تركي,0,1,0%,35
evet,0,1,0%,36
موكيت رخيص,0,1,0%,37
موكيت فينيل,0,1,0%,37
وين احصل موكيت الفنادق,0,1,0%,37
سعر الموكيت,0,1,0%,40
سجاد موف,0,1,0%,41
صور ارضيات,0,1,0%,42
بن ناجي العمودي,0,1,0%,43
موكيت تركي بالمتر,0,1,0%,43
موكيت رمادي مشجر,0,1,0%,44
فينيل مطابخ,0,1,0%,45
موقع العمودي,0,1,0%,45
سجاد مشجر,0,1,0%,48
موكيت تفصيل,0,1,0%,48
سجاد فينيل,0,1,0%,49
موكيت الدرج,0,1,0%,49
مفروشات العزيزية,0,1,0%,50
موكيت بلاط,0,1,0%,51
موكيت بلجيكي,0,1,0%,51
موكيت سجاد بالمتر,0,1,0%,54
محلات السجاد في الرياض,0,1,0%,55
مفروشات ارضيه,0,1,0%,55
صور,0,1,0%,59
فرش موكيت فندقي,0,1,0%,60
فينيل حوائط,0,1,0%,60
سجاد فندقي,0,1,0%,61
فرشات أرضية موكيت,0,1,0%,62
موكيت صوف,0,1,0%,62
أرضية خشبية,0,1,0%,67
خشب باركية ارضيات,0,1,0%,71
موكيت غرف,0,1,0%,71
فينيل رصاصي,0,1,0%,73
موكيت غرف نوم كامل,0,1,0%,73
موكيت مكاتب الرياض,0,1,0%,73
خشب ارضيات,0,1,0%,74
الفينيل,0,1,0%,79
انواع سجاد الارضيات,0,1,0%,83
أرضية فينيل,0,1,0%,84
ديكور باركيه,0,1,0%,84
موكيت المكاتب,0,1,0%,87
فرش موكيت غرف نوم,0,1,0%,88
موكيت غرفة نوم,0,1,0%,89
شكل الفينيل,0,1,0%,91